中文俗名,學名,英文俗名,comNameCodes,sciNameCodes,bandingCodes,familySciName
樹鴨,Dendrocygna javanica,Lesser Whistling-Duck,"LEWD,LWDU",DEJA,,Anatidae
斑頭雁,Anser indicus,Bar-headed Goose,BHGO,ANIN,,Anatidae
灰雁,Anser anser,Graylag Goose,,ANAN,GRGO,Anatidae
鴻雁,Anser cygnoides,Swan Goose,SWGO,ANCY,,Anatidae
灰雁x鴻雁(雜交),Anser anser x cygnoides,Graylag x Swan Goose (hybrid),"GRGO,SWGO","ANAN,ANCY",,Anatidae
白額雁,Anser albifrons,Greater White-fronted Goose,,ANAL,GWFG,Anatidae
小白額雁,Anser erythropus,Lesser White-fronted Goose,,ANER,LWFG,Anatidae
寒林豆雁,Anser fabalis,Taiga Bean-Goose,"BEGO,TBGO",ANFA,TABG,Anatidae
凍原豆雁,Anser serrirostris,Tundra Bean-Goose,"BEGO,TBGO",ANSE,TUBG,Anatidae
Domestic goose sp. x Canada Goose (hybrid),Anser sp. (Domestic type) x Branta canadensis,Domestic goose sp. x Canada Goose (hybrid),"CANG,CAGO,DGSP",BRCA,,Anatidae
疣鼻天鵝,Cygnus olor,Mute Swan,,CYOL,MUSW,Anatidae
黑天鵝,Cygnus atratus,Black Swan,BLSW,CYAT,,Anatidae
小天鵝,Cygnus columbianus,Tundra Swan,BESW,CYCO,TUSW,Anatidae
黃嘴天鵝,Cygnus cygnus,Whooper Swan,WHSW,CYCY,WHOS,Anatidae
埃及雁,Alopochen aegyptiaca,Egyptian Goose,,ALAE,EGGO,Anatidae
瀆鳧,Tadorna ferruginea,Ruddy Shelduck,,TAFE,RUSH,Anatidae
花鳧,Tadorna tadorna,Common Shelduck,COSH,TATA,COMS,Anatidae
疣鼻棲鴨,Cairina moschata,Muscovy Duck,,CAMO,MUDU,Anatidae
棉鴨,Nettapus coromandelianus,Cotton Pygmy-Goose,"COPG,CPGO",NECO,,Anatidae
美洲鴛鴦,Aix sponsa,Wood Duck,CWDU,AISP,WODU,Anatidae
鴛鴦,Aix galericulata,Mandarin Duck,MADU,AIGA,,Anatidae
巴鴨,Sibirionetta formosa,Baikal Teal,,SIFO,BATE,Anatidae
白眉鴨,Spatula querquedula,Garganey,,SPQU,GARG,Anatidae
琵嘴鴨,Spatula clypeata,Northern Shoveler,NOSH,SPCL,NSHO,Anatidae
Blue-winged Teal x Northern Shoveler (hybrid),Spatula discors x clypeata,Blue-winged Teal x Northern Shoveler (hybrid),"NSHO,BWTE,NOSH","SPDI,SPCL",,Anatidae
赤膀鴨,Mareca strepera,Gadwall,,MAST,GADW,Anatidae
琵嘴鴨x赤膀鴨(雜交),Spatula clypeata x Mareca strepera,Northern Shoveler x Gadwall (hybrid),"GADW,NSHO,NOSH","SPCL,MAST",,Anatidae
羅文鴨,Mareca falcata,Falcated Duck,,MAFA,FADU,Anatidae
赤頸鴨,Mareca penelope,Eurasian Wigeon,,MAPE,EUWI,Anatidae
葡萄胸鴨,Mareca americana,American Wigeon,,MAAM,AMWI,Anatidae
赤頸鴨x葡萄胸鴨(雜交),Mareca penelope x americana,Eurasian x American Wigeon (hybrid),"AMWI,EUWI","MAPE,MAAM",,Anatidae
呂宋鴨,Anas luzonica,Philippine Duck,PHDU,ANLU,,Anatidae
花嘴鴨,Anas zonorhyncha,Eastern Spot-billed Duck,CSBD,ANZO,ESBD,Anatidae
綠頭鴨,Anas platyrhynchos,Mallard,,ANPL,MALL,Anatidae
疣鼻棲鴨x綠頭鴨(雜交),Cairina moschata x Anas platyrhynchos,Muscovy Duck x Mallard (hybrid),"MUDU,MALL","ANPL,CAMO",,Anatidae
綠頭鴨x花嘴鴨(雜交),Anas platyrhynchos x zonorhyncha,Mallard x Eastern Spot-billed Duck (hybrid),"ESBD,CSBD,MALL","ANZO,ANPL",,Anatidae
尖尾鴨,Anas acuta,Northern Pintail,,ANAC,NOPI,Anatidae
小水鴨,Anas crecca,Green-winged Teal,"EUTE,CWTE,EWTE",ANCR,GWTE,Anatidae
赤嘴潛鴨,Netta rufina,Red-crested Pochard,RCPO,NERU,,Anatidae
紅頭潛鴨,Aythya ferina,Common Pochard,COPO,AYFE,COMP,Anatidae
環頸潛鴨,Aythya collaris,Ring-necked Duck,,AYCO,RNDU,Anatidae
白眼潛鴨,Aythya nyroca,Ferruginous Duck,FEDU,AYNY,,Anatidae
青頭潛鴨,Aythya baeri,Baer's Pochard,BAPO,AYBA,,Anatidae
白眼潛鴨x青頭潛鴨(雜交),Aythya nyroca x baeri,Ferruginous Duck x Baer's Pochard (hybrid),"BAPO,FEDU","AYNY,AYBA",,Anatidae
鳳頭潛鴨,Aythya fuligula,Tufted Duck,,AYFU,TUDU,Anatidae
斑背潛鴨,Aythya marila,Greater Scaup,,AYMA,GRSC,Anatidae
鳳頭潛鴨x斑背潛鴨(雜交),Aythya fuligula x marila,Tufted Duck x Greater Scaup (hybrid),"TUDU,GRSC","AYFU,AYMA",,Anatidae
小斑背潛鴨,Aythya affinis,Lesser Scaup,,AYAF,LESC,Anatidae
長尾鴨,Clangula hyemalis,Long-tailed Duck,,CLHY,LTDU,Anatidae
鵲鴨,Bucephala clangula,Common Goldeneye,,BUCL,COGO,Anatidae
白秋沙,Mergellus albellus,Smew,,MEAL,SMEW,Anatidae
川秋沙,Mergus merganser,Common Merganser,GOOS,MEME,COME,Anatidae
紅胸秋沙,Mergus serrator,Red-breasted Merganser,,MESE,RBME,Anatidae
唐秋沙,Mergus squamatus,Scaly-sided Merganser,SSME,MESQ,,Anatidae
普通珠雞,Numida meleagris,Helmeted Guineafowl,HEGU,NUME,HELG,Numididae
臺灣山鷓鴣,Arborophila crudigularis,Taiwan Partridge,TAPA,ARCR,,Phasianidae
火雞,Meleagris gallopavo,Wild Turkey,,MEGA,WITU,Phasianidae
黑長尾雉,Syrmaticus mikado,Mikado Pheasant,MIPH,SYMI,,Phasianidae
紅腹錦雞,Chrysolophus pictus,Golden Pheasant,GOPH,CHPI,,Phasianidae
環頸雉,Phasianus colchicus,Ring-necked Pheasant,"RNPH,COPH",PHCO,RNEP,Phasianidae
藍腹鷴,Lophura swinhoii,Swinhoe's Pheasant,SWPH,LOSW,,Phasianidae
白鷴,Lophura nycthemera,Silver Pheasant,SIPH,LONY,,Phasianidae
藍孔雀,Pavo cristatus,Indian Peafowl,,PACR,INPE,Phasianidae
臺灣竹雞,Bambusicola sonorivox,Taiwan Bamboo-Partridge,"TABP,TBPA",BASO,,Phasianidae
紅原雞,Gallus gallus,Red Junglefowl,,GAGA,REJU,Phasianidae
小鵪鶉,Synoicus chinensis,Blue-breasted Quail,"KIQU,ABQU,BBQU",SYCH,,Phasianidae
鵪鶉,Coturnix japonica,Japanese Quail,,COJA,JAQU,Phasianidae
原鴿,Columba livia,Rock Pigeon,"ROPI,RODO",COLI,,Columbidae
灰林鴿,Columba pulchricollis,Ashy Wood-Pigeon,"ASWO,AWPI,ASWP",COPU,,Columbidae
黑林鴿,Columba janthina,Black Wood-Pigeon,"BLWP,JAWO,BWPI",COJA,,Columbidae
白喉林鴿,Columba vitiensis,Metallic Pigeon,"MEPI,WTPI",COVI,,Columbidae
金背鳩,Streptopelia orientalis,Oriental Turtle-Dove,"OTDO,RTDO",STOR,ORTD,Columbidae
灰斑鳩,Streptopelia decaocto,Eurasian Collared-Dove,"CODO,ECDO",STDE,EUCD,Columbidae
紅鳩,Streptopelia tranquebarica,Red Collared-Dove,"RCDO,RECD,RTDO,RETD",STTR,,Columbidae
珠頸斑鳩,Spilopelia chinensis,Spotted Dove,ESDO,SPCH,SPDO,Columbidae
斑尾鵑鳩,Macropygia unchall,Barred Cuckoo-Dove,"BACD,BCDO",MAUN,,Columbidae
長尾鳩,Macropygia tenuirostris,Philippine Cuckoo-Dove,"PHCD,PCDO",MATE,,Columbidae
翠翼鳩,Chalcophaps indica,Asian Emerald Dove,"AEDO,GCED,CEDO",CHIN,,Columbidae
雪花姬地鳩,Geopelia cuneata,Diamond Dove,DIDO,GECU,,Columbidae
斑馬鳩,Geopelia striata,Zebra Dove,ZEDO,GEST,ZEBD,Columbidae
橙胸綠鳩,Treron bicinctus,Orange-breasted Green-Pigeon,OBGP,TRBI,,Columbidae
綠鳩,Treron sieboldii,White-bellied Green-Pigeon,WBGP,TRSI,,Columbidae
紅頭綠鳩,Treron formosae,Whistling Green-Pigeon,"TAGP,WGPI,WHGP,TGPI",TRFO,,Columbidae
小綠鳩,Ptilinopus leclancheri,Black-chinned Fruit-Dove,BCFD,PTLE,,Columbidae
褐翅鴉鵑,Centropus sinensis,Greater Coucal,GRCO,CESI,,Cuculidae
番鵑,Centropus bengalensis,Lesser Coucal,LECO,CEBE,,Cuculidae
冠郭公,Clamator coromandus,Chestnut-winged Cuckoo,CWCU,CLCO,,Cuculidae
斑翅鳳頭鵑,Clamator jacobinus,Pied Cuckoo,"PICU,JACU",CLJA,,Cuculidae
噪鵑,Eudynamys scolopaceus,Asian Koel,"ASKO,WEKO",EUSC,,Cuculidae
八聲杜鵑,Cacomantis merulinus,Plaintive Cuckoo,PLCU,CAME,,Cuculidae
方尾烏鵑,Surniculus lugubris,Square-tailed Drongo-Cuckoo,STDC,SULU,,Cuculidae
鷹鵑,Hierococcyx sparverioides,Large Hawk-Cuckoo,"LHCU,LAHC",HISP,,Cuculidae
北方鷹鵑,Hierococcyx hyperythrus,Northern Hawk-Cuckoo,"NOHC,NHCU",HIHY,,Cuculidae
棕腹鷹鵑,Hierococcyx nisicolor,Hodgson's Hawk-Cuckoo,"HHCU,WHCU,HOHC,WHHC",HINI,,Cuculidae
小杜鵑,Cuculus poliocephalus,Lesser Cuckoo,LECU,CUPO,,Cuculidae
四聲杜鵑,Cuculus micropterus,Indian Cuckoo,INCU,CUMI,,Cuculidae
大杜鵑,Cuculus canorus,Common Cuckoo,,CUCA,COCU,Cuculidae
北方中杜鵑,Cuculus optatus,Oriental Cuckoo,,CUOP,ORCU,Cuculidae
普通夜鷹,Caprimulgus jotaka,Gray Nightjar,,CAJO,GRNI,Caprimulgidae
南亞夜鷹,Caprimulgus affinis,Savanna Nightjar,SANI,CAAF,,Caprimulgidae
白喉針尾雨燕,Hirundapus caudacutus,White-throated Needletail,,HICA,WTNE,Apodidae
灰喉針尾雨燕,Hirundapus cochinchinensis,Silver-backed Needletail,SBNE,HICO,,Apodidae
紫針尾雨燕,Hirundapus celebensis,Purple Needletail,PUNE,HICE,,Apodidae
白燕窩金絲燕,Aerodramus fuciphagus,White-nest Swiftlet,"ENSW,WNSW",AEFU,,Apodidae
叉尾雨燕,Apus pacificus,Pacific Swift,PASW,APPA,FTSW,Apodidae
小雨燕,Apus nipalensis,House Swift,HOSW,APNI,,Apodidae
西方秧雞,Rallus aquaticus,Water Rail,"WARA,WWRA",RAAQ,WEWR,Rallidae
東亞秧雞,Rallus indicus,Brown-cheeked Rail,"EWRA,BCRA",RAIN,,Rallidae
灰胸秧雞,Lewinia striata,Slaty-breasted Rail,SBRA,LEST,,Rallidae
斑胸秧雞,Porzana porzana,Spotted Crake,,POPO,SPCR,Rallidae
紅冠水雞,Gallinula chloropus,Eurasian Moorhen,EUMO,GACH,COMO,Rallidae
白冠雞,Fulica atra,Eurasian Coot,COCO,FUAT,EUCO,Rallidae
灰頭紫水雞,Porphyrio poliocephalus,Gray-headed Swamphen,PUSW,POPO,GHSW,Rallidae
白眉秧雞,Poliolimnas cinereus,White-browed Crake,WBCR,POCI,,Rallidae
董雞,Gallicrex cinerea,Watercock,WATE,GACI,,Rallidae
白腹秧雞,Amaurornis phoenicurus,White-breasted Waterhen,WBWA,AMPH,,Rallidae
灰腳秧雞,Rallina eurizonoides,Slaty-legged Crake,SLCR,RAEU,,Rallidae
緋秧雞,Zapornia fusca,Ruddy-breasted Crake,RBCR,ZAFU,,Rallidae
斑脇秧雞,Zapornia paykullii,Band-bellied Crake,BBCR,ZAPA,,Rallidae
紅腳苦惡鳥,Zapornia akool,Brown Crake,BRCR,ZAAK,,Rallidae
小秧雞,Zapornia pusilla,Baillon's Crake,"BACR,MACR",ZAPU,,Rallidae
簑羽鶴,Anthropoides virgo,Demoiselle Crane,DECR,ANVI,,Gruidae
白鶴,Leucogeranus leucogeranus,Siberian Crane,SICR,LELE,,Gruidae
沙丘鶴,Antigone canadensis,Sandhill Crane,,ANCA,SACR,Gruidae
白枕鶴,Antigone vipio,White-naped Crane,WNCR,ANVI,,Gruidae
灰鶴,Grus grus,Common Crane,COCR,GRGR,CCRA,Gruidae
白頭鶴,Grus monacha,Hooded Crane,,GRMO,HOCR,Gruidae
丹頂鶴,Grus japonensis,Red-crowned Crane,RCCR,GRJA,,Gruidae
高蹺鴴,Himantopus himantopus,Black-winged Stilt,EBWS,HIHI,BWST,Recurvirostridae
黑領高蹺鴴,Himantopus leucocephalus,Pied Stilt,"BWST,PIST",HILE,,Recurvirostridae
反嘴鴴,Recurvirostra avosetta,Pied Avocet,PIAV,REAV,,Recurvirostridae
蠣鴴,Haematopus ostralegus,Eurasian Oystercatcher,,HAOS,EUOY,Haematopodidae
灰斑鴴,Pluvialis squatarola,Black-bellied Plover,GRPL,PLSQ,BBPL,Charadriidae
太平洋金斑鴴,Pluvialis fulva,Pacific Golden-Plover,PGPL,PLFU,PAGP,Charadriidae
環頸鴴,Charadrius hiaticula,Common Ringed Plover,RIPL,CHHI,CRPL,Charadriidae
小環頸鴴,Thinornis dubius,Little Ringed Plover,,THDU,LRPL,Charadriidae
劍鴴,Thinornis placidus,Long-billed Plover,LBPL,THPL,,Charadriidae
小辮鴴,Vanellus vanellus,Northern Lapwing,,VAVA,NOLA,Charadriidae
跳鴴,Vanellus cinereus,Gray-headed Lapwing,GHLA,VACI,,Charadriidae
東方紅胸鴴,Anarhynchus veredus,Oriental Plover,,ANVE,ORPL,Charadriidae
蒙古鴴,Anarhynchus mongolus,Siberian Sand-Plover,"LSPL,SISD,SSPL,LESA,SSDO",ANMO,SISP,Charadriidae
青藏鴴,Anarhynchus atrifrons,Tibetan Sand-Plover,"TISD,LESA,TSPL,TISP,TSDO",ANAT,,Charadriidae
鐵嘴鴴,Anarhynchus leschenaultii,Greater Sand-Plover,"GRSA,GRSP,GSPL,GRSD,GSDO",ANLE,GSAP,Charadriidae
東方環頸鴴,Anarhynchus alexandrinus,Kentish Plover,KEPL,ANAL,,Charadriidae
白臉鴴,Anarhynchus dealbatus,White-faced Plover,WFPL,ANDE,,Charadriidae
彩鷸,Rostratula benghalensis,Greater Painted-Snipe,"GPSN,GRPS",ROBE,,Rostratulidae
水雉,Hydrophasianus chirurgus,Pheasant-tailed Jacana,PTJA,HYCH,,Jacanidae
中杓鷸,Numenius phaeopus,Whimbrel,EUWH,NUPH,WHIM,Scolopacidae
小杓鷸,Numenius minutus,Little Curlew,LIWH,NUMI,LICU,Scolopacidae
黦鷸,Numenius madagascariensis,Far Eastern Curlew,EACU,NUMA,FECU,Scolopacidae
大杓鷸,Numenius arquata,Eurasian Curlew,,NUAR,EUCU,Scolopacidae
斑尾鷸,Limosa lapponica,Bar-tailed Godwit,,LILA,BTGO,Scolopacidae
黑尾鷸,Limosa limosa,Black-tailed Godwit,BTGO,LILI,BLTG,Scolopacidae
半蹼鷸,Limnodromus semipalmatus,Asian Dowitcher,ASDO,LISE,,Scolopacidae
短嘴半蹼鷸,Limnodromus griseus,Short-billed Dowitcher,,LIGR,SBDO,Scolopacidae
長嘴半蹼鷸,Limnodromus scolopaceus,Long-billed Dowitcher,,LISC,LBDO,Scolopacidae
小鷸,Lymnocryptes minimus,Jack Snipe,,LYMI,JASN,Scolopacidae
山鷸,Scolopax rusticola,Eurasian Woodcock,,SCRU,EUWO,Scolopacidae
孤田鷸,Gallinago solitaria,Solitary Snipe,,GASO,SOSN,Scolopacidae
中地鷸,Gallinago megala,Swinhoe's Snipe,SWSN,GAME,,Scolopacidae
針尾鷸,Gallinago stenura,Pin-tailed Snipe,PISN,GAST,PTSN,Scolopacidae
田鷸,Gallinago gallinago,Common Snipe,,GAGA,COSN,Scolopacidae
灰瓣足鷸,Phalaropus fulicarius,Red Phalarope,GRPH,PHFU,REPH,Scolopacidae
紅領瓣足鷸,Phalaropus lobatus,Red-necked Phalarope,,PHLO,RNPH,Scolopacidae
反嘴鷸,Xenus cinereus,Terek Sandpiper,,XECI,TESA,Scolopacidae
磯鷸,Actitis hypoleucos,Common Sandpiper,,ACHY,COSA,Scolopacidae
白腰草鷸,Tringa ochropus,Green Sandpiper,,TROC,GRSA,Scolopacidae
黃足鷸,Tringa brevipes,Gray-tailed Tattler,,TRBR,GTTA,Scolopacidae
美洲黃足鷸,Tringa incana,Wandering Tattler,,TRIN,WATA,Scolopacidae
小青足鷸,Tringa stagnatilis,Marsh Sandpiper,,TRST,MASA,Scolopacidae
鷹斑鷸,Tringa glareola,Wood Sandpiper,,TRGL,WOSA,Scolopacidae
赤足鷸,Tringa totanus,Common Redshank,CORE,TRTO,CREH,Scolopacidae
諾氏鷸,Tringa guttifer,Nordmann's Greenshank,"NOGR,SPGR",TRGU,,Scolopacidae
鶴鷸,Tringa erythropus,Spotted Redshank,,TRER,SPRE,Scolopacidae
青足鷸,Tringa nebularia,Common Greenshank,COGR,TRNE,COMG,Scolopacidae
翻石鷸,Arenaria interpres,Ruddy Turnstone,,ARIN,RUTU,Scolopacidae
大濱鷸,Calidris tenuirostris,Great Knot,,CATE,GRKN,Scolopacidae
紅腹濱鷸,Calidris canutus,Red Knot,,CACA,REKN,Scolopacidae
流蘇鷸,Calidris pugnax,Ruff,,CAPU,RUFF,Scolopacidae
寬嘴鷸,Calidris falcinellus,Broad-billed Sandpiper,BBSA,CAFA,BBIS,Scolopacidae
尖尾濱鷸,Calidris acuminata,Sharp-tailed Sandpiper,STSA,CAAC,SPTS,Scolopacidae
彎嘴濱鷸,Calidris ferruginea,Curlew Sandpiper,,CAFE,CUSA,Scolopacidae
丹氏濱鷸,Calidris temminckii,Temminck's Stint,,CATE,TEST,Scolopacidae
長趾濱鷸,Calidris subminuta,Long-toed Stint,,CASU,LTST,Scolopacidae
紅胸濱鷸,Calidris ruficollis,Red-necked Stint,,CARU,RNST,Scolopacidae
琵嘴鷸,Calidris pygmaea,Spoon-billed Sandpiper,,CAPY,SBSA,Scolopacidae
黃胸鷸,Calidris subruficollis,Buff-breasted Sandpiper,,CASU,BBSA,Scolopacidae
三趾濱鷸,Calidris alba,Sanderling,,CAAL,SAND,Scolopacidae
黑腹濱鷸,Calidris alpina,Dunlin,,CAAL,DUNL,Scolopacidae
小濱鷸,Calidris minuta,Little Stint,,CAMI,LIST,Scolopacidae
美洲尖尾濱鷸,Calidris melanotos,Pectoral Sandpiper,,CAME,PESA,Scolopacidae
黃腳三趾鶉,Turnix tanki,Yellow-legged Buttonquail,YLBU,TUTA,,Turnicidae
棕三趾鶉,Turnix suscitator,Barred Buttonquail,BABU,TUSU,,Turnicidae
燕鴴,Glareola maldivarum,Oriental Pratincole,,GLMA,ORPR,Glareolidae
長尾賊鷗,Stercorarius longicaudus,Long-tailed Jaeger,LTSK,STLO,LTJA,Stercorariidae
短尾賊鷗,Stercorarius parasiticus,Parasitic Jaeger,"ARJA,ARSK",STPA,PAJA,Stercorariidae
中賊鷗,Stercorarius pomarinus,Pomarine Jaeger,POSK,STPO,POJA,Stercorariidae
灰賊鷗,Stercorarius maccormicki,South Polar Skua,,STMA,SPSK,Stercorariidae
崖海鴉,Uria aalge,Common Murre,COGU,URAA,COMU,Alcidae
扁嘴海雀,Synthliboramphus antiquus,Ancient Murrelet,,SYAN,ANMU,Alcidae
冠海雀,Synthliboramphus wumizusume,Japanese Murrelet,JAMU,SYWU,,Alcidae
小鷗,Hydrocoloeus minutus,Little Gull,,HYMI,LIGU,Laridae
三趾鷗,Rissa tridactyla,Black-legged Kittiwake,,RITR,BLKI,Laridae
叉尾鷗,Xema sabini,Sabine's Gull,,XESA,SAGU,Laridae
黑嘴鷗,Saundersilarus saundersi,Saunders's Gull,SAGU,SASA,,Laridae
細嘴鷗,Chroicocephalus genei,Slender-billed Gull,SBGU,CHGE,,Laridae
紐澳紅嘴鷗,Chroicocephalus novaehollandiae,Silver Gull,SIGU,CHNO,,Laridae
紅嘴鷗,Chroicocephalus ridibundus,Black-headed Gull,,CHRI,BHGU,Laridae
棕頭鷗,Chroicocephalus brunnicephalus,Brown-headed Gull,BHGU,CHBR,,Laridae
笑鷗,Leucophaeus atricilla,Laughing Gull,,LEAT,LAGU,Laridae
弗氏鷗,Leucophaeus pipixcan,Franklin's Gull,,LEPI,FRGU,Laridae
漁鷗,Ichthyaetus ichthyaetus,Pallas's Gull,,ICIC,PAGU,Laridae
遺鷗,Ichthyaetus relictus,Relict Gull,REGU,ICRE,,Laridae
黑尾鷗,Larus crassirostris,Black-tailed Gull,,LACR,BTGU,Laridae
歐亞海鷗,Larus canus,Common Gull,MEGU,LACA,COGU,Laridae
西伯利亞銀鷗,Larus vegae,Vega Gull,"VEGU,HEGU,AHGU",LAVE,,Laridae
蒙古銀鷗,Larus mongolicus,Mongolian Gull,"HEGU,AHGU,MOGU,VEGU",LAMO,,Laridae
北極鷗,Larus hyperboreus,Glaucous Gull,,LAHY,GLGU,Laridae
小黑背鷗,Larus fuscus,Lesser Black-backed Gull,,LAFU,LBBG,Laridae
灰背鷗,Larus schistisagus,Slaty-backed Gull,SBGU,LASC,SBAG,Laridae
玄燕鷗,Anous stolidus,Brown Noddy,CONO,ANST,BRNO,Laridae
黑玄燕鷗,Anous minutus,Black Noddy,,ANMI,BLNO,Laridae
白腰燕鷗,Onychoprion aleuticus,Aleutian Tern,,ONAL,ALTE,Laridae
烏領燕鷗,Onychoprion fuscatus,Sooty Tern,,ONFU,SOTE,Laridae
白眉燕鷗,Onychoprion anaethetus,Bridled Tern,,ONAN,BRTE,Laridae
小燕鷗,Sternula albifrons,Little Tern,,STAL,LITE,Laridae
鷗嘴燕鷗,Gelochelidon nilotica,Gull-billed Tern,CGBT,GENI,GBTE,Laridae
裏海燕鷗,Hydroprogne caspia,Caspian Tern,,HYCA,CATE,Laridae
黑腹燕鷗,Chlidonias hybrida,Whiskered Tern,WHTE,CHHY,WHST,Laridae
黑浮鷗,Chlidonias niger,Black Tern,,CHNI,BLTE,Laridae
白翅黑燕鷗,Chlidonias leucopterus,White-winged Tern,WWBT,CHLE,WWTE,Laridae
燕鷗,Sterna hirundo,Common Tern,,STHI,COTE,Laridae
蒼燕鷗,Sterna sumatrana,Black-naped Tern,BNTE,STSU,,Laridae
紅燕鷗,Sterna dougallii,Roseate Tern,ROTE,STDO,ROST,Laridae
白嘴端燕鷗,Thalasseus sandvicensis,Sandwich Tern,,THSA,SATE,Laridae
小鳳頭燕鷗,Thalasseus bengalensis,Lesser Crested Tern,LCTE,THBE,,Laridae
鳳頭燕鷗,Thalasseus bergii,Great Crested Tern,"SWIF,SWTE,CRTE",THBE,GCTE,Laridae
黑嘴端鳳頭燕鷗,Thalasseus bernsteini,Chinese Crested Tern,CCTE,THBE,,Laridae
鳳頭燕鷗x黑嘴端鳳頭燕鷗(雜交),Thalasseus bergii x bernsteini,Great x Chinese Crested Tern (hybrid),"SWTE,GCTE,SWIF,CCTE,CRTE",THBE,,Laridae
大紅鸛,Phoenicopterus roseus,Greater Flamingo,GRFL,PHRO,,Phoenicopteridae
小鸊鷉,Tachybaptus ruficollis,Little Grebe,"DABC,LIGR",TARU,,Podicipedidae
角鸊鷉,Podiceps auritus,Horned Grebe,SLGR,POAU,HOGR,Podicipedidae
赤頸鸊鷉,Podiceps grisegena,Red-necked Grebe,,POGR,RNGR,Podicipedidae
冠鸊鷉,Podiceps cristatus,Great Crested Grebe,GCGR,POCR,,Podicipedidae
黑頸鸊鷉,Podiceps nigricollis,Eared Grebe,BNGR,PONI,EAGR,Podicipedidae
白尾熱帶鳥,Phaethon lepturus,White-tailed Tropicbird,,PHLE,WTTR,Phaethontidae
紅嘴熱帶鳥,Phaethon aethereus,Red-billed Tropicbird,,PHAE,RBTR,Phaethontidae
紅尾熱帶鳥,Phaethon rubricauda,Red-tailed Tropicbird,,PHRU,RTTR,Phaethontidae
紅喉潛鳥,Gavia stellata,Red-throated Loon,RTDI,GAST,RTLO,Gaviidae
黑喉潛鳥,Gavia arctica,Arctic Loon,"BTDI,BTLO",GAAR,ARLO,Gaviidae
黑背信天翁,Phoebastria immutabilis,Laysan Albatross,,PHIM,LAAL,Diomedeidae
黑腳信天翁,Phoebastria nigripes,Black-footed Albatross,,PHNI,BFAL,Diomedeidae
短尾信天翁,Phoebastria albatrus,Short-tailed Albatross,,PHAL,STAL,Diomedeidae
黃蹼洋海燕,Oceanites oceanicus,Wilson's Storm-Petrel,WSPE,OCOC,WISP,Oceanitidae
白腰叉尾海燕,Hydrobates leucorhous,Leach's Storm-Petrel,LSPE,HYLE,LESP,Hydrobatidae
黑叉尾海燕,Hydrobates monorhis,Swinhoe's Storm-Petrel,"SWSP,SSPE",HYMO,SSTP,Hydrobatidae
褐翅叉尾海燕,Hydrobates tristrami,Tristram's Storm-Petrel,TSPE,HYTR,TRSP,Hydrobatidae
暴風鸌,Fulmarus glacialis,Northern Fulmar,,FUGL,NOFU,Procellariidae
克島圓尾鸌,Pterodroma neglecta,Kermadec Petrel,,PTNE,KEPE,Procellariidae
索氏圓尾鸌,Pterodroma solandri,Providence Petrel,,PTSO,PRPE,Procellariidae
白腹穴鳥,Pterodroma hypoleuca,Bonin Petrel,,PTHY,BOPE,Procellariidae
穴鳥,Bulweria bulwerii,Bulwer's Petrel,,BUBU,BUPE,Procellariidae
黑背白腹穴鳥,Pseudobulweria rostrata,Tahiti Petrel,,PSRO,TAPE,Procellariidae
大水薙鳥,Calonectris leucomelas,Streaked Shearwater,STSH,CALE,STRS,Procellariidae
肉足水薙鳥,Ardenna carneipes,Flesh-footed Shearwater,,ARCA,FFSH,Procellariidae
長尾水薙鳥,Ardenna pacifica,Wedge-tailed Shearwater,,ARPA,WTSH,Procellariidae
灰水薙鳥,Ardenna grisea,Sooty Shearwater,,ARGR,SOSH,Procellariidae
短尾水薙鳥,Ardenna tenuirostris,Short-tailed Shearwater,STSH,ARTE,STTS,Procellariidae
黑細鸌,Puffinus nativitatis,Christmas Shearwater,CISH,PUNA,CHSH,Procellariidae
黑鸛,Ciconia nigra,Black Stork,BLST,CINI,,Ciconiidae
東方白鸛,Ciconia boyciana,Oriental Stork,ORST,CIBO,,Ciconiidae
白斑軍艦鳥,Fregata ariel,Lesser Frigatebird,,FRAR,LEFR,Fregatidae
軍艦鳥,Fregata minor,Great Frigatebird,GRFR,FRMI,GREF,Fregatidae
聖誕島軍艦鳥,Fregata andrewsi,Christmas Island Frigatebird,"CIFR,CHFR",FRAN,,Fregatidae
紅腳鰹鳥,Sula sula,Red-footed Booby,,SUSU,RFBO,Sulidae
白腹鰹鳥,Sula leucogaster,Brown Booby,,SULE,BRBO,Sulidae
藍臉鰹鳥,Sula dactylatra,Masked Booby,,SUDA,MABO,Sulidae
海鸕鷀,Urile pelagicus,Pelagic Cormorant,,URPE,PECO,Phalacrocoracidae
鸕鷀,Phalacrocorax carbo,Great Cormorant,"BLSH,GBCO",PHCA,GRCO,Phalacrocoracidae
丹氏鸕鷀,Phalacrocorax capillatus,Japanese Cormorant,JACO,PHCA,,Phalacrocoracidae
彩䴉,Plegadis falcinellus,Glossy Ibis,,PLFA,GLIB,Threskiornithidae
埃及聖䴉,Threskiornis aethiopicus,African Sacred Ibis,"ASIB,SAIB",THAE,,Threskiornithidae
黑頭白䴉,Threskiornis melanocephalus,Black-headed Ibis,BHIB,THME,,Threskiornithidae
白琵鷺,Platalea leucorodia,Eurasian Spoonbill,EUSP,PLLE,EURS,Threskiornithidae
黑面琵鷺,Platalea minor,Black-faced Spoonbill,BFSP,PLMI,,Threskiornithidae
白琵鷺x黑面琵鷺(雜交),Platalea leucorodia x minor,Eurasian x Black-faced Spoonbill (hybrid),"EUSP,EURS,BFSP","PLLE,PLMI",,Threskiornithidae
大麻鷺,Botaurus stellaris,Eurasian Bittern,"EUBI,GRBI",BOST,,Ardeidae
黃頸黑鷺,Botaurus flavicollis,Black Bittern,BLBI,BOFL,,Ardeidae
栗小鷺,Botaurus cinnamomeus,Cinnamon Bittern,CIBI,BOCI,,Ardeidae
秋小鷺,Botaurus eurhythmus,Schrenck's Bittern,"VSBI,SCBI",BOEU,,Ardeidae
黃小鷺,Botaurus sinensis,Yellow Bittern,,BOSI,YEBI,Ardeidae
夜鷺,Nycticorax nycticorax,Black-crowned Night Heron,,NYNY,BCNH,Ardeidae
棕夜鷺,Nycticorax caledonicus,Nankeen Night Heron,"NNHE,RUNH,RNHE",NYCA,,Ardeidae
黑冠麻鷺,Gorsachius melanolophus,Malayan Night Heron,"MANH,MNHE",GOME,,Ardeidae
麻鷺,Gorsachius goisagi,Japanese Night Heron,"JNHE,JANH",GOGO,,Ardeidae
岩鷺,Egretta sacra,Pacific Reef-Heron,"PARE,PREG,PARH,PRHE,REHE,EREG",EGSA,,Ardeidae
唐白鷺,Egretta eulophotes,Chinese Egret,,EGEU,CHEG,Ardeidae
小白鷺,Egretta garzetta,Little Egret,LEWR,EGGA,LIEG,Ardeidae
白頸黑鷺,Egretta picata,Pied Heron,PIHE,EGPI,,Ardeidae
綠簑鷺,Butorides striata,Striated Heron,"STHE,GBHE,GRBA",BUST,STRH,Ardeidae
印度池鷺,Ardeola grayii,Indian Pond-Heron,"IPHE,INPH",ARGR,,Ardeidae
池鷺,Ardeola bacchus,Chinese Pond-Heron,CPHE,ARBA,CHPH,Ardeidae
爪哇池鷺,Ardeola speciosa,Javan Pond-Heron,"JAPH,JPHE",ARSP,,Ardeidae
黃頭鷺,Ardea coromanda,Eastern Cattle-Egret,"ECEG,CAEG",ARCO,EACE,Ardeidae
大白鷺,Ardea alba,Great Egret,"WHHE,GWEG",ARAL,GREG,Ardeidae
中白鷺,Ardea intermedia,Medium Egret,INEG,ARIN,MEEG,Ardeidae
蒼鷺,Ardea cinerea,Gray Heron,GRHE,ARCI,GRAH,Ardeidae
紫鷺,Ardea purpurea,Purple Heron,,ARPU,PUHE,Ardeidae
白鵜鶘,Pelecanus onocrotalus,Great White Pelican,GWPE,PEON,,Pelecanidae
卷羽鵜鶘,Pelecanus crispus,Dalmatian Pelican,DAPE,PECR,,Pelecanidae
魚鷹,Pandion haliaetus,Osprey,,PAHA,OSPR,Pandionidae
黑翅鳶,Elanus caeruleus,Black-winged Kite,"BWKI,ABSK",ELCA,,Accipitridae
黑冠鵑隼,Aviceda leuphotes,Black Baza,BLBA,AVLE,,Accipitridae
東方蜂鷹,Pernis ptilorhynchus,Oriental Honey-buzzard,"ORHB,OHBU,CRHB,CHBU",PEPT,,Accipitridae
禿鷲,Aegypius monachus,Cinereous Vulture,"CIVU,BLVU",AEMO,,Accipitridae
大冠鷲,Spilornis cheela,Crested Serpent-Eagle,"CRSE,CSEA",SPCH,,Accipitridae
熊鷹,Nisaetus nipalensis,Mountain Hawk-Eagle,"MHEA,MOHE",NINI,,Accipitridae
林鵰,Ictinaetus malaiensis,Black Eagle,BLEA,ICMA,,Accipitridae
花鵰,Clanga clanga,Greater Spotted Eagle,GSEA,CLCL,,Accipitridae
靴隼鵰,Hieraaetus pennatus,Booted Eagle,BOEA,HIPE,,Accipitridae
白肩鵰,Aquila heliaca,Imperial Eagle,"EIEA,IMEA",AQHE,,Accipitridae
金鵰,Aquila chrysaetos,Golden Eagle,,AQCH,GOEA,Accipitridae
白腹鵰,Aquila fasciata,Bonelli's Eagle,BOEA,AQFA,,Accipitridae
鳳頭蒼鷹,Lophospiza trivirgata,Crested Goshawk,CRGO,LOTR,,Accipitridae
松雀鷹,Tachyspiza virgata,Besra,BESR,TAVI,,Accipitridae
日本松雀鷹,Tachyspiza gularis,Japanese Sparrowhawk,JASP,TAGU,,Accipitridae
赤腹鷹,Tachyspiza soloensis,Chinese Sparrowhawk,CHSP,TASO,CHIS,Accipitridae
北雀鷹,Accipiter nisus,Eurasian Sparrowhawk,EUSP,ACNI,,Accipitridae
蒼鷹,Astur gentilis,Eurasian Goshawk,"EUGO,NOGO",ASGE,EGOS,Accipitridae
西方澤鵟,Circus aeruginosus,Western Marsh Harrier,WEMH,CIAE,WMHA,Accipitridae
東方澤鵟,Circus spilonotus,Eastern Marsh Harrier,"EMHA,EAMH",CISP,,Accipitridae
灰澤鵟,Circus cyaneus,Hen Harrier,HEHA,CICY,,Accipitridae
花澤鵟,Circus melanoleucos,Pied Harrier,PIHA,CIME,,Accipitridae
黑鳶,Milvus migrans,Black Kite,"BBKI,BLKI",MIMI,BLAK,Accipitridae
栗鳶,Haliastur indus,Brahminy Kite,BRKI,HAIN,,Accipitridae
白尾海鵰,Haliaeetus albicilla,White-tailed Eagle,WTSE,HAAL,WTEA,Accipitridae
白腹海鵰,Icthyophaga leucogaster,White-bellied Sea-Eagle,WBSE,ICLE,,Accipitridae
灰面鵟鷹,Butastur indicus,Gray-faced Buzzard,GFBU,BUIN,,Accipitridae
栗翅鷹,Parabuteo unicinctus,Harris's Hawk,,PAUN,HAHA,Accipitridae
毛足鵟,Buteo lagopus,Rough-legged Hawk,RLBU,BULA,RLHA,Accipitridae
歐亞鵟,Buteo buteo,Common Buzzard,"COBU,EUBU",BUBU,,Accipitridae
大鵟,Buteo hemilasius,Upland Buzzard,UPBU,BUHE,,Accipitridae
東方鵟,Buteo japonicus,Eastern Buzzard,"JABU,EABU",BUJA,,Accipitridae
草鴞,Tyto longimembris,Australasian Grass-Owl,"AGOW,EGOW,AUGO,EAGO",TYLO,,Tytonidae
黃嘴角鴞,Otus spilocephalus,Mountain Scops-Owl,"MSOW,MOSO",OTSP,,Strigidae
領角鴞,Otus lettia,Collared Scops-Owl,"COSO,CSOW",OTLE,,Strigidae
蘭嶼角鴞,Otus elegans,Ryukyu Scops-Owl,"RYSO,RSOW",OTEL,,Strigidae
東方角鴞,Otus sunia,Oriental Scops-Owl,OSOW,OTSU,ORSO,Strigidae
Eurasian Eagle-Owl,Bubo bubo,Eurasian Eagle-Owl,"EEOW,EUEO",BUBU,,Strigidae
黃魚鴞,Ketupa flavipes,Tawny Fish-Owl,"TFOW,TAFO",KEFL,,Strigidae
鵂鶹,Taenioptynx brodiei,Collared Owlet,COOW,TABR,,Strigidae
褐林鴞,Strix leptogrammica,Brown Wood-Owl,"BWOW,BRWO",STLE,,Strigidae
東方灰林鴞,Strix nivicolum,Himalayan Owl,HIOW,STNI,,Strigidae
長耳鴞,Asio otus,Long-eared Owl,NLEO,ASOT,LEOW,Strigidae
短耳鴞,Asio flammeus,Short-eared Owl,,ASFL,SEOW,Strigidae
褐鷹鴞,Ninox japonica,Northern Boobook,NOBO,NIJA,NOBB,Strigidae
戴勝,Upupa epops,Eurasian Hoopoe,"COHO,HOOP,EUHO",UPEP,EHOO,Upupidae
Trumpeter Hornbill,Bycanistes bucinator,Trumpeter Hornbill,TRHO,BYBU,,Bucerotidae
藍喉蜂虎,Merops viridis,Blue-throated Bee-eater,BTBE,MEVI,,Meropidae
藍頰蜂虎,Merops persicus,Blue-cheeked Bee-eater,BCBE,MEPE,,Meropidae
栗喉蜂虎,Merops philippinus,Blue-tailed Bee-eater,BTBE,MEPH,,Meropidae
彩虹蜂虎,Merops ornatus,Rainbow Bee-eater,"RABE,RBEA",MEOR,,Meropidae
翠鳥,Alcedo atthis,Common Kingfisher,COKI,ALAT,,Alcedinidae
黑背三趾翠鳥,Ceyx erithaca,Black-backed Dwarf-Kingfisher,"BBDK,ODKI",CEER,,Alcedinidae
Laughing Kookaburra,Dacelo novaeguineae,Laughing Kookaburra,LAKO,DANO,,Alcedinidae
赤翡翠,Halcyon coromanda,Ruddy Kingfisher,RUKI,HACO,,Alcedinidae
蒼翡翠,Halcyon smyrnensis,White-throated Kingfisher,"WBKI,WTKI",HASM,,Alcedinidae
黑頭翡翠,Halcyon pileata,Black-capped Kingfisher,BCKI,HAPI,,Alcedinidae
白領翡翠,Todiramphus chloris,Collared Kingfisher,COKI,TOCH,,Alcedinidae
斑翡翠,Ceryle rudis,Pied Kingfisher,PIKI,CERU,,Alcedinidae
佛法僧,Eurystomus orientalis,Dollarbird,"DOLL,ORDO",EUOR,,Coraciidae
五色鳥,Psilopogon nuchalis,Taiwan Barbet,TABA,PSNU,,Megalaimidae
地啄木,Jynx torquilla,Eurasian Wryneck,,JYTO,EUWR,Picidae
小啄木,Yungipicus canicapillus,Gray-capped Pygmy Woodpecker,"GCWO,GCPW",YUCA,,Picidae
Rufous-bellied Woodpecker,Dendrocopos hyperythrus,Rufous-bellied Woodpecker,RBWO,DEHY,,Picidae
大赤啄木,Dendrocopos leucotos,White-backed Woodpecker,WBWO,DELE,,Picidae
綠啄木,Picus canus,Gray-headed Woodpecker,"GHWO,GFNW",PICA,,Picidae
紅隼,Falco tinnunculus,Eurasian Kestrel,COKE,FATI,EUKE,Falconidae
紅腳隼,Falco amurensis,Amur Falcon,AMFA,FAAM,,Falconidae
灰背隼,Falco columbarius,Merlin,,FACO,MERL,Falconidae
燕隼,Falco subbuteo,Eurasian Hobby,EUHO,FASU,EHOB,Falconidae
遊隼,Falco peregrinus,Peregrine Falcon,,FAPE,PEFA,Falconidae
雞尾鸚鵡,Nymphicus hollandicus,Cockatiel,COCK,NYHO,,Cacatuidae
戈芬氏鳳頭鸚鵡,Cacatua goffiniana,Tanimbar Corella,TACO,CAGO,,Cacatuidae
Solomons Corella,Cacatua ducorpsii,Solomons Corella,"DUCO,SOCO",CADU,,Cacatuidae
白鳳頭鸚鵡,Cacatua alba,White Cockatoo,WHCO,CAAL,,Cacatuidae
葵花鳳頭鸚鵡,Cacatua galerita,Sulphur-crested Cockatoo,SCCO,CAGA,,Cacatuidae
亞歷山大鸚鵡,Psittacula eupatria,Alexandrine Parakeet,ALPA,PSEU,,Psittaculidae
紅領綠鸚鵡,Psittacula krameri,Rose-ringed Parakeet,RNPA,PSKR,RRPA,Psittaculidae
虎皮鸚鵡,Melopsittacus undulatus,Budgerigar,BUDG,MEUN,,Psittaculidae
紅色吸蜜鸚鵡,Trichoglossus borneus,Red Lory,RELO,TRBO,,Psittaculidae
新幾內亞彩虹吸蜜鸚鵡,Trichoglossus haematodus,Coconut Lorikeet,COLO,TRHA,,Psittaculidae
彩虹吸蜜鸚鵡,Trichoglossus moluccanus,Rainbow Lorikeet,RALO,TRMO,,Psittaculidae
紅領吸蜜鸚鵡,Trichoglossus rubritorquis,Red-collared Lorikeet,RCLO,TRRU,,Psittaculidae
桃臉愛情鳥,Agapornis roseicollis,Rosy-faced Lovebird,,AGRO,RFLO,Psittaculidae
費氏愛情鳥,Agapornis fischeri,Fischer's Lovebird,FILO,AGFI,,Psittaculidae
黃領愛情鳥,Agapornis personatus,Yellow-collared Lovebird,YCLO,AGPE,,Psittaculidae
灰鸚鵡,Psittacus erithacus,Gray Parrot,GRPA,PSER,,Psittacidae
塞內加爾鸚鵡,Poicephalus senegalus,Senegal Parrot,SEPA,POSE,,Psittacidae
和尚鸚鵡,Myiopsitta monachus,Monk Parakeet,,MYMO,MOPA,Psittacidae
太陽鸚鵡,Aratinga solstitialis,Sun Parakeet,SUPA,ARSO,,Psittacidae
黃領金剛鸚鵡,Primolius auricollis,Yellow-collared Macaw,"GCMA,YCMA",PRAU,,Psittacidae
藍黃金剛鸚鵡,Ara ararauna,Blue-and-yellow Macaw,,ARAR,BAYM,Psittacidae
緋紅金剛鸚鵡,Ara macao,Scarlet Macaw,,ARMA,SCMA,Psittacidae
紅綠金剛鸚鵡,Ara chloropterus,Red-and-green Macaw,,ARCH,RAGM,Psittacidae
紅肩金剛鸚鵡,Diopsittaca nobilis,Red-shouldered Macaw,"NRSM,RSMA",DINO,,Psittacidae
紅臉鸚鵡,Psittacara erythrogenys,Red-masked Parakeet,,PSER,RMPA,Psittacidae
藍翅八色鳥,Pitta moluccensis,Blue-winged Pitta,BWPI,PIMO,,Pittidae
八色鳥,Pitta nympha,Fairy Pitta,FAPI,PINY,,Pittidae
綠胸八色鳥,Pitta sordida,Western Hooded Pitta,"HOPI,WHPI",PISO,,Pittidae
灰喉山椒鳥,Pericrocotus solaris,Gray-chinned Minivet,"GCTM,GCMI",PESO,,Campephagidae
赤紅山椒鳥,Pericrocotus speciosus,Scarlet Minivet,SCMI,PESP,,Campephagidae
琉球山椒鳥,Pericrocotus tegimae,Ryukyu Minivet,RYMI,PETE,,Campephagidae
灰山椒鳥,Pericrocotus divaricatus,Ashy Minivet,ASMI,PEDI,,Campephagidae
小灰山椒鳥,Pericrocotus cantonensis,Brown-rumped Minivet,"BRMI,SWMI",PECA,,Campephagidae
粉紅山椒鳥,Pericrocotus roseus,Rosy Minivet,ROMI,PERO,,Campephagidae
花翅山椒鳥,Coracina javensis,Oriental Cuckooshrike,"ORCU,LACU,OCSH,ORCS",COJA,,Campephagidae
黑翅山椒鳥,Lalage melaschistos,Black-winged Cuckooshrike,"BWCU,BWCS",LAME,,Campephagidae
綠畫眉,Erpornis zantholeuca,White-bellied Erpornis,WBER,ERZA,,Vireonidae
黃鸝,Oriolus chinensis,Black-naped Oriole,BNOR,ORCH,,Oriolidae
朱鸝,Oriolus traillii,Maroon Oriole,MAOR,ORTR,,Oriolidae
菲律賓扇尾鶲,Rhipidura nigritorquis,Philippine Pied-Fantail,"PPFA,PHPF",RHNI,,Rhipiduridae
大卷尾,Dicrurus macrocercus,Black Drongo,BLDR,DIMA,,Dicruridae
灰卷尾,Dicrurus leucophaeus,Ashy Drongo,ASDR,DILE,,Dicruridae
小卷尾,Dicrurus aeneus,Bronzed Drongo,BRDR,DIAE,,Dicruridae
髮冠卷尾,Dicrurus hottentottus,Hair-crested Drongo,"HCDR,HCTD",DIHO,,Dicruridae
黑枕藍鶲,Hypothymis azurea,Black-naped Monarch,BNMO,HYAZ,,Monarchidae
紫綬帶,Terpsiphone atrocaudata,Black Paradise-Flycatcher,"BPFL,JPFL,JAPF,BLPF",TEAT,,Monarchidae
阿穆爾綬帶,Terpsiphone incei,Amur Paradise-Flycatcher,"APFL,CHPF,CPFL,AMPF",TEIN,,Monarchidae
虎紋伯勞,Lanius tigrinus,Tiger Shrike,TISH,LATI,,Laniidae
紅頭伯勞,Lanius bucephalus,Bull-headed Shrike,BHSH,LABU,,Laniidae
紅背伯勞,Lanius collurio,Red-backed Shrike,,LACO,RBSH,Laniidae
荒漠伯勞,Lanius isabellinus,Isabelline Shrike,ISSH,LAIS,,Laniidae
紅尾伯勞,Lanius cristatus,Brown Shrike,BRSH,LACR,BROS,Laniidae
栗背伯勞,Lanius collurioides,Burmese Shrike,BUSH,LACO,,Laniidae
棕背伯勞,Lanius schach,Long-tailed Shrike,LTSH,LASC,,Laniidae
灰背伯勞,Lanius tephronotus,Gray-backed Shrike,GBSH,LATE,,Laniidae
西方灰伯勞,Lanius excubitor,Great Gray Shrike,GGSH,LAEX,,Laniidae
楔尾伯勞,Lanius sphenocercus,Chinese Gray Shrike,CGSH,LASP,,Laniidae
松鴉,Garrulus glandarius,Eurasian Jay,"ECFJ,EUJA",GAGL,,Corvidae
灰喜鵲,Cyanopica cyanus,Azure-winged Magpie,"AWMA,AAWM",CYCY,,Corvidae
臺灣藍鵲,Urocissa caerulea,Taiwan Blue-Magpie,"TBMA,TABM",URCA,,Corvidae
紅嘴藍鵲,Urocissa erythroryncha,Red-billed Blue-Magpie,RBBM,URER,,Corvidae
樹鵲,Dendrocitta formosae,Gray Treepie,GRTR,DEFO,,Corvidae
喜鵲,Pica serica,Oriental Magpie,"EUMA,ORMA",PISE,,Corvidae
星鴉,Nucifraga hemispila,Southern Nutcracker,"SONU,SPNU,EUNU",NUHE,,Corvidae
紅嘴山鴉,Pyrrhocorax pyrrhocorax,Red-billed Chough,RBCH,PYPY,,Corvidae
東方寒鴉,Coloeus dauuricus,Daurian Jackdaw,DAJA,CODA,,Corvidae
家烏鴉,Corvus splendens,House Crow,HOCR,COSP,,Corvidae
禿鼻鴉,Corvus frugilegus,Rook,,COFR,ROOK,Corvidae
小嘴烏鴉,Corvus corone,Carrion Crow,CACR,COCO,,Corvidae
巨嘴鴉,Corvus macrorhynchos,Large-billed Crow,"LBJJ,LBCR",COMA,,Corvidae
玉頸鴉,Corvus torquatus,Collared Crow,COCR,COTO,,Corvidae
方尾鶲,Culicicapa ceylonensis,Gray-headed Canary-Flycatcher,GHCF,CUCE,,Stenostiridae
煤山雀,Periparus ater,Coal Tit,COTI,PEAT,,Paridae
黃腹山雀,Periparus venustulus,Yellow-bellied Tit,YBTI,PEVE,,Paridae
赤腹山雀,Sittiparus castaneoventris,Chestnut-bellied Tit,CBTI,SICA,,Paridae
雜色山雀,Sittiparus varius,Varied Tit,VATI,SIVA,,Paridae
青背山雀,Parus monticolus,Green-backed Tit,GBTI,PAMO,,Paridae
白頰山雀,Parus cinereus,Asian Tit,"CITI,GRTI,ASTI",PACI,,Paridae
黃山雀,Machlolophus holsti,Taiwan Yellow Tit,"YETI,TYTI",MAHO,,Paridae
Yellow-cheeked Tit,Machlolophus spilonotus,Yellow-cheeked Tit,YCTI,MASP,,Paridae
攀雀,Remiz consobrinus,Chinese Penduline-Tit,"CPTI,CHPT",RECO,,Remizidae
歐亞雲雀,Alauda arvensis,Eurasian Skylark,SKYL,ALAR,EUSK,Alaudidae
小雲雀,Alauda gulgula,Oriental Skylark,ORSK,ALGU,,Alaudidae
亞洲短趾百靈,Alaudala cheleensis,Asian Short-toed Lark,ASTL,ALCH,,Alaudidae
斑紋鷦鶯,Prinia striata,Striped Prinia,STPR,PRST,,Cisticolidae
灰頭鷦鶯,Prinia flaviventris,Yellow-bellied Prinia,YBPR,PRFL,,Cisticolidae
褐頭鷦鶯,Prinia inornata,Plain Prinia,PLPR,PRIN,,Cisticolidae
棕扇尾鶯,Cisticola juncidis,Zitting Cisticola,ZICI,CIJU,,Cisticolidae
黃頭扇尾鶯,Cisticola exilis,Golden-headed Cisticola,GHCI,CIEX,,Cisticolidae
厚嘴葦鶯,Arundinax aedon,Thick-billed Warbler,,ARAE,TBWA,Acrocephalidae
靴籬鶯,Iduna caligata,Booted Warbler,BOWA,IDCA,,Acrocephalidae
雙眉葦鶯,Acrocephalus bistrigiceps,Black-browed Reed Warbler,BBRW,ACBI,,Acrocephalidae
細紋葦鶯,Acrocephalus sorghophilus,Streaked Reed Warbler,"STRW,SRWA",ACSO,,Acrocephalidae
鈍翅葦鶯,Acrocephalus concinens,Blunt-winged Warbler,BWWA,ACCO,,Acrocephalidae
遠東葦鶯,Acrocephalus tangorum,Manchurian Reed Warbler,"WBRW,MRWA",ACTA,,Acrocephalidae
布氏葦鶯,Acrocephalus dumetorum,Blyth's Reed Warbler,"BLRW,BRWA",ACDU,BREW,Acrocephalidae
東方大葦鶯,Acrocephalus orientalis,Oriental Reed Warbler,"ORWA,ORRW",ACOR,,Acrocephalidae
蒼眉蝗鶯,Helopsaltes fasciolatus,Gray's Grasshopper Warbler,"GRGW,GGWA",HEFA,,Locustellidae
小蝗鶯,Helopsaltes certhiola,Pallas's Grasshopper Warbler,PAGW,HECE,PGWA,Locustellidae
北蝗鶯,Helopsaltes ochotensis,Middendorff's Grasshopper Warbler,"MIGW,MGWA",HEOC,MGRW,Locustellidae
矛斑蝗鶯,Locustella lanceolata,Lanceolated Warbler,LAWA,LOLA,LANW,Locustellidae
臺灣叢樹鶯,Locustella alishanensis,Taiwan Bush Warbler,"TAGW,TGWA,TBWA",LOAL,,Locustellidae
赤褐蝗鶯,Locustella mandelli,Russet Bush Warbler,"RBWA,RUGW,RGWA",LOMA,,Locustellidae
臺灣鷦眉,Pnoepyga formosana,Taiwan Cupwing,TACU,PNFO,,Pnoepygidae
棕沙燕,Riparia chinensis,Gray-throated Martin,"GTMA,PLMA,APMA",RICH,,Hirundinidae
灰沙燕,Riparia riparia,Bank Swallow,"SAMA,BASW,CSMA",RIRI,BANS,Hirundinidae
洋燕,Hirundo javanica,Pacific Swallow,"PASW,HOSW",HIJA,,Hirundinidae
家燕,Hirundo rustica,Barn Swallow,BASW,HIRU,BARS,Hirundinidae
白腹毛腳燕,Delichon lagopodum,Siberian House-Martin,"EHMA,SHMA",DELA,SIHM,Hirundinidae
東方毛腳燕,Delichon dasypus,Asian House-Martin,"ASHM,AHMA",DEDA,,Hirundinidae
東方金腰燕,Cecropis daurica,Eastern Red-rumped Swallow,"ERRS,RRSW",CEDA,,Hirundinidae
栗背短腳鵯,Hemixos castanonotus,Chestnut Bulbul,CHBU,HECA,,Pycnonotidae
棕耳鵯,Hypsipetes amaurotis,Brown-eared Bulbul,BEBU,HYAM,,Pycnonotidae
紅嘴黑鵯,Hypsipetes leucocephalus,Black Bulbul,"HBBU,BLBU",HYLE,,Pycnonotidae
白環鸚嘴鵯,Spizixos semitorques,Collared Finchbill,COFI,SPSE,,Pycnonotidae
白頭翁,Pycnonotus sinensis,Light-vented Bulbul,"LVBU,CHBU",PYSI,,Pycnonotidae
烏頭翁,Pycnonotus taivanus,Styan's Bulbul,STBU,PYTA,,Pycnonotidae
白頭翁x烏頭翁(雜交),Pycnonotus sinensis x taivanus,Light-vented x Styan's Bulbul (hybrid),"STBU,LVBU,CHBU","PYSI,PYTA",,Pycnonotidae
紅耳鵯,Pycnonotus jocosus,Red-whiskered Bulbul,,PYJO,RWBU,Pycnonotidae
白喉紅臀鵯,Pycnonotus aurigaster,Sooty-headed Bulbul,SHBU,PYAU,,Pycnonotidae
林柳鶯,Phylloscopus sibilatrix,Wood Warbler,,PHSI,WOWA,Phylloscopidae
黃眉柳鶯,Phylloscopus inornatus,Yellow-browed Warbler,,PHIN,YBWA,Phylloscopidae
淡眉柳鶯,Phylloscopus humei,Hume's Warbler,"HUWA,HULW,HLWA",PHHU,,Phylloscopidae
雲南柳鶯,Phylloscopus yunnanensis,Chinese Leaf Warbler,"CLWA,CHLW",PHYU,,Phylloscopidae
黃腰柳鶯,Phylloscopus proregulus,Pallas's Leaf Warbler,"PALW,PAWA,PLWA",PHPR,PLEW,Phylloscopidae
巨嘴柳鶯,Phylloscopus schwarzi,Radde's Warbler,RAWA,PHSC,,Phylloscopidae
黃腹柳鶯,Phylloscopus affinis,Tickell's Leaf Warbler,"TLWA,TILW",PHAF,,Phylloscopidae
褐色柳鶯,Phylloscopus fuscatus,Dusky Warbler,,PHFU,DUWA,Phylloscopidae
歐亞柳鶯,Phylloscopus trochilus,Willow Warbler,WIWA,PHTR,WILW,Phylloscopidae
嘰喳柳鶯,Phylloscopus collybita,Common Chiffchaff,COCH,PHCO,CCHI,Phylloscopidae
冠羽柳鶯,Phylloscopus coronatus,Eastern Crowned Warbler,ECWA,PHCO,,Phylloscopidae
飯島柳鶯,Phylloscopus ijimae,Ijima's Leaf Warbler,"IJLW,ILWA",PHIJ,,Phylloscopidae
白眶鶲鶯,Phylloscopus intermedius,White-spectacled Warbler,WSWA,PHIN,,Phylloscopidae
比氏鶲鶯,Phylloscopus valentini,Bianchi's Warbler,BIWA,PHVA,,Phylloscopidae
峨眉鶲鶯,Phylloscopus omeiensis,Martens's Warbler,MAWA,PHOM,,Phylloscopidae
淡尾鶲鶯,Phylloscopus soror,Alström's Warbler,ALWA,PHSO,,Phylloscopidae
暗綠柳鶯,Phylloscopus trochiloides,Greenish Warbler,GRWA,PHTR,,Phylloscopidae
雙斑綠柳鶯,Phylloscopus plumbeitarsus,Two-barred Warbler,TBWA,PHPL,,Phylloscopidae
淡腳柳鶯,Phylloscopus tenellipes,Pale-legged Leaf Warbler,PLLW,PHTE,,Phylloscopidae
庫頁島柳鶯,Phylloscopus borealoides,Sakhalin Leaf Warbler,"SLWA,SALW",PHBO,,Phylloscopidae
日本柳鶯,Phylloscopus xanthodryas,Japanese Leaf Warbler,"JALW,JLWA",PHXA,,Phylloscopidae
極北柳鶯,Phylloscopus borealis,Arctic Warbler,,PHBO,ARWA,Phylloscopidae
勘察加柳鶯,Phylloscopus examinandus,Kamchatka Leaf Warbler,KALW,PHEX,KLWA,Phylloscopidae
栗頭鶲鶯,Phylloscopus castaniceps,Chestnut-crowned Warbler,CCWA,PHCA,,Phylloscopidae
黑眉柳鶯,Phylloscopus ricketti,Sulphur-breasted Warbler,SBWA,PHRI,,Phylloscopidae
哈氏冠紋柳鶯,Phylloscopus goodsoni,Hartert's Leaf Warbler,"HALW,HLWA",PHGO,,Phylloscopidae
短尾鶯,Urosphena squameiceps,Asian Stubtail,ASST,URSQ,,Scotocercidae
棕面鶯,Abroscopus albogularis,Rufous-faced Warbler,RFWA,ABAL,,Scotocercidae
日本樹鶯,Horornis diphone,Japanese Bush Warbler,JABW,HODI,JBWA,Scotocercidae
遠東樹鶯,Horornis canturians,Manchurian Bush Warbler,"KBWA,KOBW,MBWA",HOCA,,Scotocercidae
小鶯,Horornis fortipes,Brownish-flanked Bush Warbler,BFBW,HOFO,,Scotocercidae
深山鶯,Horornis acanthizoides,Yellowish-bellied Bush Warbler,YBBW,HOAC,,Scotocercidae
紅頭山雀,Aegithalos concinnus,Black-throated Tit,"BTTI,BTHC,BTBU",AECO,,Aegithalidae
白喉林鶯,Curruca curruca,Lesser Whitethroat,,CUCU,LEWH,Sylviidae
漠地林鶯,Curruca nana,Asian Desert Warbler,ADWA,CUNA,,Sylviidae
褐頭花翼,Fulvetta formosana,Taiwan Fulvetta,TAFU,FUFO,,Paradoxornithidae
黃羽鸚嘴,Suthora verreauxi,Golden Parrotbill,GOPA,SUVE,,Paradoxornithidae
粉紅鸚嘴,Suthora webbiana,Vinous-throated Parrotbill,VTPA,SUWE,,Paradoxornithidae
栗耳鳳眉,Staphida torqueola,Indochinese Yuhina,INYU,STTO,,Zosteropidae
冠羽畫眉,Yuhina brunneiceps,Taiwan Yuhina,TAYU,YUBR,,Zosteropidae
紅脇繡眼,Zosterops erythropleurus,Chestnut-flanked White-eye,CFWE,ZOER,,Zosteropidae
斯氏繡眼(綠繡眼),Zosterops simplex,Swinhoe's White-eye,"SWWE,SWEY",ZOSI,,Zosteropidae
日菲繡眼,Zosterops japonicus,Warbling White-eye,WWEY,ZOJA,WAWE,Zosteropidae
低地繡眼,Zosterops meyeni,Lowland White-eye,"LWEY,LOWE",ZOME,,Zosteropidae
山紅頭,Cyanoderma ruficeps,Rufous-capped Babbler,RCBA,CYRU,,Timaliidae
小彎嘴,Pomatorhinus musicus,Taiwan Scimitar-Babbler,"TSBA,TASB",POMU,,Timaliidae
大彎嘴,Erythrogenys erythrocnemis,Black-necklaced Scimitar-Babbler,BNSB,ERER,,Timaliidae
頭烏線,Schoeniparus brunneus,Dusky Fulvetta,DUFU,SCBR,,Pellorneidae
繡眼畫眉,Alcippe morrisonia,Morrison's Fulvetta,"MOFU,GCFU",ALMO,,Leiothrichidae
臺灣噪眉,Trochalopteron morrisonianum,White-whiskered Laughingthrush,WWLA,TRMO,,Leiothrichidae
Red-winged Laughingthrush,Trochalopteron formosum,Red-winged Laughingthrush,RWLA,TRFO,,Leiothrichidae
白耳畫眉,Heterophasia auricularis,White-eared Sibia,WESI,HEAU,,Leiothrichidae
紋翼畫眉,Actinodura morrisoniana,Taiwan Barwing,TABA,ACMO,,Leiothrichidae
紅嘴相思鳥,Leiothrix lutea,Red-billed Leiothrix,,LELU,RBLE,Leiothrichidae
Silver-eared Mesia,Leiothrix argentauris,Silver-eared Mesia,SEME,LEAR,,Leiothrichidae
黃胸藪眉,Liocichla steerii,Taiwan Liocichla,"STLI,TALI",LIST,,Leiothrichidae
大陸畫眉,Garrulax canorus,Chinese Hwamei,CHHW,GACA,HWAM,Leiothrichidae
臺灣畫眉,Garrulax taewanus,Taiwan Hwamei,TAHW,GATA,,Leiothrichidae
大陸畫眉x臺灣畫眉(雜交),Garrulax canorus x taewanus,Chinese x Taiwan Hwamei (hybrid),"HWAM,TAHW,CHHW","GACA,GATA",,Leiothrichidae
黑喉噪眉,Pterorhinus chinensis,Black-throated Laughingthrush,BTLA,PTCH,,Leiothrichidae
白頰噪眉,Pterorhinus sannio,White-browed Laughingthrush,WBLA,PTSA,,Leiothrichidae
臺灣白喉噪眉,Pterorhinus ruficeps,Rufous-crowned Laughingthrush,RCLA,PTRU,,Leiothrichidae
棕噪眉,Pterorhinus poecilorhynchus,Rusty Laughingthrush,RULA,PTPO,,Leiothrichidae
戴菊鳥,Regulus regulus,Goldcrest,GOLD,RERE,,Regulidae
火冠戴菊鳥,Regulus goodfellowi,Flamecrest,FLAM,REGO,,Regulidae
茶腹鳾,Sitta europaea,Eurasian Nuthatch,EUNU,SIEU,,Sittidae
鷦鷯,Troglodytes troglodytes,Eurasian Wren,"NOWR,EUWR",TRTR,,Troglodytidae
河烏,Cinclus pallasii,Brown Dipper,BRDI,CIPA,,Cinclidae
亞洲輝椋鳥,Aplonis panayensis,Asian Glossy Starling,AGST,APPA,,Sturnidae
九官鳥,Gracula religiosa,Common Hill Myna,CHMY,GRRE,,Sturnidae
歐洲椋鳥,Sturnus vulgaris,European Starling,COST,STVU,EUST,Sturnidae
粉紅椋鳥,Pastor roseus,Rosy Starling,"RCST,ROST",PARO,,Sturnidae
北椋鳥,Agropsar sturninus,Daurian Starling,"DAST,PBST",AGST,,Sturnidae
小椋鳥,Agropsar philippensis,Chestnut-cheeked Starling,CCST,AGPH,,Sturnidae
黑領椋鳥,Gracupica nigricollis,Black-collared Starling,BCST,GRNI,,Sturnidae
印度鵲椋鳥,Gracupica contra,Indian Pied Starling,"IPMY,IPST,APST",GRCO,,Sturnidae
灰背椋鳥,Sturnia sinensis,White-shouldered Starling,WSST,STSI,,Sturnidae
黑冠椋鳥,Sturnia pagodarum,Brahminy Starling,BRST,STPA,,Sturnidae
灰頭椋鳥,Sturnia malabarica,Chestnut-tailed Starling,CTST,STMA,,Sturnidae
絲光椋鳥,Spodiopsar sericeus,Red-billed Starling,RBST,SPSE,,Sturnidae
灰椋鳥,Spodiopsar cineraceus,White-cheeked Starling,WCST,SPCI,,Sturnidae
家八哥,Acridotheres tristis,Common Myna,,ACTR,COMY,Sturnidae
岸八哥,Acridotheres ginginianus,Bank Myna,BAMY,ACGI,,Sturnidae
葡萄胸椋鳥,Acridotheres leucocephalus,Vinous-breasted Myna,"VBMY,VBST",ACLE,,Sturnidae
Black-winged Myna,Acridotheres melanopterus,Black-winged Myna,"BWST,BWMY",ACME,,Sturnidae
林八哥,Acridotheres fuscus,Jungle Myna,JUMY,ACFU,,Sturnidae
白尾八哥,Acridotheres javanicus,Javan Myna,JAMY,ACJA,,Sturnidae
大八哥(叢八哥),Acridotheres grandis,Great Myna,GRMY,ACGR,,Sturnidae
八哥(冠八哥),Acridotheres cristatellus,Crested Myna,CRMY,ACCR,,Sturnidae
長尾麗椋鳥,Lamprotornis caudatus,Long-tailed Glossy Starling,LTGS,LACA,,Sturnidae
栗頭麗椋鳥,Lamprotornis superbus,Superb Starling,SUST,LASU,,Sturnidae
白氏地鶇,Zoothera aurea,White's Thrush,,ZOAU,WHTH,Turdidae
虎斑地鶇,Zoothera dauma,Scaly Thrush,"WHTH,SCTH",ZODA,,Turdidae
白眉地鶇,Geokichla sibirica,Siberian Thrush,SITH,GESI,,Turdidae
Chestnut-backed Thrush,Geokichla dohertyi,Chestnut-backed Thrush,CBTH,GEDO,,Turdidae
橙頭地鶇,Geokichla citrina,Orange-headed Thrush,OHTH,GECI,,Turdidae
寶興歌鶇,Turdus mupinensis,Chinese Thrush,CHTH,TUMU,,Turdidae
槲鶇,Turdus viscivorus,Mistle Thrush,,TUVI,MITH,Turdidae
中國黑鶇,Turdus mandarinus,Chinese Blackbird,CHBL,TUMA,,Turdidae
白頭鶇,Turdus niveiceps,Taiwan Thrush,TATH,TUNI,,Turdidae
烏灰鶇,Turdus cardis,Japanese Thrush,JATH,TUCA,,Turdidae
灰背鶇,Turdus hortulorum,Gray-backed Thrush,GBTH,TUHO,,Turdidae
白腹鶇,Turdus pallidus,Pale Thrush,PATH,TUPA,,Turdidae
白眉鶇,Turdus obscurus,Eyebrowed Thrush,,TUOB,EYTH,Turdidae
赤腹鶇,Turdus chrysolaus,Brown-headed Thrush,BHTH,TUCH,,Turdidae
赤頸鶇,Turdus ruficollis,Red-throated Thrush,RTTH,TURU,,Turdidae
黑頸鶇x赤頸鶇(雜交),Turdus atrogularis x ruficollis,Black-throated x Red-throated Thrush (hybrid),"RTTH,BTTH","TUAT,TURU",,Turdidae
斑點鶇,Turdus eunomus,Dusky Thrush,,TUEU,DUTH,Turdidae
紅尾鶇,Turdus naumanni,Naumann's Thrush,,TUNA,NATH,Turdidae
斑點鶇x紅尾鶇(雜交),Turdus eunomus x naumanni,Dusky x Naumann's Thrush (hybrid),"DUTH,NATH","TUEU,TUNA",,Turdidae
灰斑鶲,Muscicapa griseisticta,Gray-streaked Flycatcher,,MUGR,GSFL,Muscicapidae
烏鶲,Muscicapa sibirica,Dark-sided Flycatcher,,MUSI,DSFL,Muscicapidae
紅尾鶲,Muscicapa ferruginea,Ferruginous Flycatcher,FEFL,MUFE,,Muscicapidae
寬嘴鶲,Muscicapa dauurica,Asian Brown Flycatcher,,MUDA,ABFL,Muscicapidae
褐胸鶲,Muscicapa muttui,Brown-breasted Flycatcher,BBFL,MUMU,,Muscicapidae
斑鶲,Muscicapa striata,Spotted Flycatcher,,MUST,SPFL,Muscicapidae
鵲鴝,Copsychus saularis,Oriental Magpie-Robin,"ORMR,OMRO",COSA,,Muscicapidae
白腰鵲鴝,Copsychus malabaricus,White-rumped Shama,,COMA,WRSH,Muscicapidae
棕腹大仙鶲,Niltava davidi,Fujian Niltava,FUNI,NIDA,,Muscicapidae
棕腹仙鶲,Niltava sundara,Rufous-bellied Niltava,RBNI,NISU,,Muscicapidae
黃腹琉璃,Niltava vivida,Taiwan Vivid Niltava,"SVNI,TVNI",NIVI,,Muscicapidae
白腹琉璃,Cyanoptila cyanomelana,Blue-and-white Flycatcher,BAWF,CYCY,,Muscicapidae
銅藍鶲,Eumyias thalassinus,Verditer Flycatcher,VEFL,EUTH,,Muscicapidae
海南藍仙鶲,Cyornis hainanus,Hainan Blue Flycatcher,"HABF,HBFL",CYHA,,Muscicapidae
中華藍仙鶲,Cyornis glaucicomans,Chinese Blue Flycatcher,"CHBF,CBFL",CYGL,,Muscicapidae
山藍仙鶲,Cyornis whitei,Hill Blue Flycatcher,"HIBF,HBFL",CYWH,,Muscicapidae
白喉林鶲,Cyornis brunneatus,Brown-chested Jungle Flycatcher,BCJF,CYBR,,Muscicapidae
白喉短翅鶇,Brachypteryx leucophris,Lesser Shortwing,LESH,BRLE,,Muscicapidae
小翼鶇,Brachypteryx goodfellowi,Taiwan Shortwing,TASH,BRGO,,Muscicapidae
紅尾歌鴝,Larvivora sibilans,Rufous-tailed Robin,,LASI,RTRO,Muscicapidae
日本歌鴝,Larvivora akahige,Japanese Robin,JARO,LAAK,,Muscicapidae
琉球歌鴝,Larvivora komadori,Ryukyu Robin,RYRO,LAKO,,Muscicapidae
藍歌鴝,Larvivora cyane,Siberian Blue Robin,,LACY,SBRO,Muscicapidae
藍喉鴝,Luscinia svecica,Bluethroat,,LUSV,BLUE,Muscicapidae
臺灣紫嘯鶇,Myophonus insularis,Taiwan Whistling-Thrush,"TWTH,TAWT",MYIN,,Muscicapidae
白斑紫嘯鶇,Myophonus caeruleus,Blue Whistling-Thrush,"BLWT,BWTH",MYCA,,Muscicapidae
小剪尾,Enicurus scouleri,Little Forktail,LIFO,ENSC,,Muscicapidae
野鴝,Calliope calliope,Siberian Rubythroat,,CACA,SIRU,Muscicapidae
白尾鴝,Myiomela leucura,White-tailed Robin,"WTBR,WTRO",MYLE,,Muscicapidae
藍尾鴝,Tarsiger cyanurus,Red-flanked Bluetail,OFBR,TACY,RFBL,Muscicapidae
臺灣白眉林鴝,Tarsiger formosanus,Taiwan Bush-Robin,"TBRO,TABR,WBBR",TAFO,,Muscicapidae
栗背林鴝,Tarsiger johnstoniae,Collared Bush-Robin,"CBRO,COBR",TAJO,,Muscicapidae
白眉鶲,Ficedula zanthopygia,Yellow-rumped Flycatcher,"KOFL,YRFL",FIZA,,Muscicapidae
綠背姬鶲,Ficedula elisae,Green-backed Flycatcher,GBFL,FIEL,,Muscicapidae
黃眉黃鶲,Ficedula narcissina,Narcissus Flycatcher,,FINA,NAFL,Muscicapidae
琉球姬鶲,Ficedula owstoni,Ryukyu Flycatcher,RYFL,FIOW,,Muscicapidae
白眉黃鶲,Ficedula mugimaki,Mugimaki Flycatcher,,FIMU,MUFL,Muscicapidae
黃胸青鶲,Ficedula hyperythra,Snowy-browed Flycatcher,SBFL,FIHY,,Muscicapidae
橙胸姬鶲,Ficedula strophiata,Rufous-gorgeted Flycatcher,RGFL,FIST,,Muscicapidae
紅喉鶲,Ficedula albicilla,Taiga Flycatcher,RTFL,FIAL,TAFL,Muscicapidae
紅胸鶲,Ficedula parva,Red-breasted Flycatcher,RBFL,FIPA,,Muscicapidae
藍額紅尾鴝,Phoenicurus frontalis,Blue-fronted Redstart,BFRE,PHFR,,Muscicapidae
鉛色水鶇,Phoenicurus fuliginosus,Plumbeous Redstart,"PLRE,PLWR,PWRE",PHFU,,Muscicapidae
白頂溪鴝,Phoenicurus leucocephalus,White-capped Redstart,"WCWR,WCRE",PHLE,,Muscicapidae
赭紅尾鴝,Phoenicurus ochruros,Black Redstart,BLRE,PHOC,,Muscicapidae
黃尾鴝,Phoenicurus auroreus,Daurian Redstart,DARE,PHAU,,Muscicapidae
白喉磯鶇,Monticola gularis,White-throated Rock-Thrush,WTRT,MOGU,,Muscicapidae
藍磯鶇,Monticola solitarius,Blue Rock-Thrush,"BRTH,BLRT",MOSO,,Muscicapidae
黑喉鴝,Saxicola stejnegeri,Amur Stonechat,"COST,AMST",SAST,ASST,Muscicapidae
白斑黑石䳭,Saxicola caprata,Pied Bushchat,"PIBU,PBCH",SACA,,Muscicapidae
灰叢鴝,Saxicola ferreus,Gray Bushchat,"GBCH,GRBU",SAFE,,Muscicapidae
穗䳭,Oenanthe oenanthe,Northern Wheatear,,OEOE,NOWH,Muscicapidae
沙䳭,Oenanthe isabellina,Isabelline Wheatear,ISWH,OEIS,,Muscicapidae
漠䳭,Oenanthe deserti,Desert Wheatear,DEWH,OEDE,,Muscicapidae
白頂䳭,Oenanthe pleschanka,Pied Wheatear,,OEPL,PIWH,Muscicapidae
黃連雀,Bombycilla garrulus,Bohemian Waxwing,,BOGA,BOWA,Bombycillidae
朱連雀,Bombycilla japonica,Japanese Waxwing,JAWA,BOJA,,Bombycillidae
綠啄花,Dicaeum minullum,Plain Flowerpecker,PLFL,DIMI,,Dicaeidae
紅胸啄花,Dicaeum ignipectus,Fire-breasted Flowerpecker,FBFL,DIIG,,Dicaeidae
黃腹花蜜鳥,Cinnyris ornatus,Ornate Sunbird,"ORSU,OBSU",CIOR,,Nectariniidae
藍喉太陽鳥,Aethopyga gouldiae,Mrs. Gould's Sunbird,"MGSU,GOSU",AEGO,,Nectariniidae
叉尾太陽鳥,Aethopyga christinae,Fork-tailed Sunbird,FTSU,AECH,,Nectariniidae
Blue-winged Leafbird,Chloropsis moluccensis,Blue-winged Leafbird,BWLE,CHMO,,Chloropseidae
橙腹葉鵯,Chloropsis hardwickii,Orange-bellied Leafbird,"OBLE,OBCL",CHHA,,Chloropseidae
黑頭織雀,Ploceus cucullatus,Village Weaver,,PLCU,VIWE,Ploceidae
Golden-backed Weaver,Ploceus jacksoni,Golden-backed Weaver,GBWE,PLJA,,Ploceidae
Southern Red Bishop,Euplectes orix,Southern Red Bishop,SRBI,EUOR,,Ploceidae
Zebra Finch,Taeniopygia guttata,Zebra Finch,"SZFI,TZFI,ZEFI",TAGU,,Estrildidae
白喉文鳥,Euodice malabarica,Indian Silverbill,,EUMA,INSI,Estrildidae
爪哇雀,Padda oryzivora,Java Sparrow,,PAOR,JASP,Estrildidae
斑文鳥,Lonchura punctulata,Scaly-breasted Munia,,LOPU,SBMU,Estrildidae
白腰文鳥,Lonchura striata,White-rumped Munia,WRMU,LOST,,Estrildidae
黑頭文鳥,Lonchura atricapilla,Chestnut Munia,,LOAT,CHMU,Estrildidae
白頭文鳥,Lonchura maja,White-headed Munia,WHMU,LOMA,,Estrildidae
橙頰梅花雀,Estrilda melpoda,Orange-cheeked Waxbill,OCWA,ESME,OCHW,Estrildidae
橫斑梅花雀,Estrilda astrild,Common Waxbill,COWA,ESAS,COMW,Estrildidae
Zebra Waxbill,Amandava subflava,Zebra Waxbill,"ZEWA,OBWA",AMSU,,Estrildidae
Red Avadavat,Amandava amandava,Red Avadavat,,AMAM,REAV,Estrildidae
針尾維達雀,Vidua macroura,Pin-tailed Whydah,,VIMA,PTWH,Viduidae
Broad-tailed Paradise-Whydah,Vidua obtusa,Broad-tailed Paradise-Whydah,BTPW,VIOB,,Viduidae
靛藍維達雀,Vidua chalybeata,Village Indigobird,VIIN,VICH,,Viduidae
岩鷚,Prunella collaris,Alpine Accentor,ALAC,PRCO,,Prunellidae
棕眉山岩鷚,Prunella montanella,Siberian Accentor,,PRMO,SIAC,Prunellidae
家麻雀,Passer domesticus,House Sparrow,,PADO,HOSP,Passeridae
山麻雀,Passer cinnamomeus,Russet Sparrow,RUSP,PACI,,Passeridae
麻雀,Passer montanus,Eurasian Tree Sparrow,,PAMO,ETSP,Passeridae
山鶺鴒,Dendronanthus indicus,Forest Wagtail,FOWA,DEIN,,Motacillidae
灰鶺鴒,Motacilla cinerea,Gray Wagtail,GRWA,MOCI,GRAW,Motacillidae
東方黃鶺鴒,Motacilla tschutschensis,Eastern Yellow Wagtail,,MOTS,EYWA,Motacillidae
黃頭鶺鴒,Motacilla citreola,Citrine Wagtail,,MOCI,CIWA,Motacillidae
日本鶺鴒,Motacilla grandis,Japanese Wagtail,JAWA,MOGR,,Motacillidae
白鶺鴒,Motacilla alba,White Wagtail,PWWA,MOAL,WHWA,Motacillidae
大花鷚,Anthus richardi,Richard's Pipit,RIPI,ANRI,,Motacillidae
稻田鷚,Anthus rufulus,Paddyfield Pipit,PAPI,ANRU,,Motacillidae
布萊氏鷚,Anthus godlewskii,Blyth's Pipit,BLPI,ANGO,,Motacillidae
草地鷚,Anthus pratensis,Meadow Pipit,,ANPR,MEPI,Motacillidae
粉紅胸鷚,Anthus roseatus,Rosy Pipit,ROPI,ANRO,,Motacillidae
林鷚,Anthus trivialis,Tree Pipit,,ANTR,TRPI,Motacillidae
樹鷚,Anthus hodgsoni,Olive-backed Pipit,,ANHO,OBPI,Motacillidae
白背鷚,Anthus gustavi,Pechora Pipit,,ANGU,PEPI,Motacillidae
赤喉鷚,Anthus cervinus,Red-throated Pipit,,ANCE,RTPI,Motacillidae
黃腹鷚,Anthus japonicus,Siberian Pipit,"BBPI,AMPI",ANJA,SIPI,Motacillidae
花雀,Fringilla montifringilla,Brambling,,FRMO,BRAM,Fringillidae
臘嘴雀,Coccothraustes coccothraustes,Hawfinch,,COCO,HAWF,Fringillidae
小桑鳲,Eophona migratoria,Yellow-billed Grosbeak,"YBGR,CHGR",EOMI,,Fringillidae
桑鳲,Eophona personata,Japanese Grosbeak,JAGR,EOPE,,Fringillidae
普通朱雀,Carpodacus erythrinus,Common Rosefinch,,CAER,CORO,Fringillidae
酒紅朱雀,Carpodacus vinaceus,Vinaceous Rosefinch,VIRO,CAVI,,Fringillidae
臺灣朱雀,Carpodacus formosanus,Taiwan Rosefinch,TARO,CAFO,,Fringillidae
北朱雀,Carpodacus roseus,Pallas's Rosefinch,,CARO,PARO,Fringillidae
褐鷽,Pyrrhula nipalensis,Brown Bullfinch,BRBU,PYNI,,Fringillidae
灰鷽,Pyrrhula owstoni,Taiwan Bullfinch,TABU,PYOW,,Fringillidae
歐亞鷽,Pyrrhula pyrrhula,Eurasian Bullfinch,,PYPY,EUBU,Fringillidae
金翅雀,Chloris sinica,Oriental Greenfinch,GCGR,CHSI,ORGR,Fringillidae
黃額絲雀,Crithagra mozambica,Yellow-fronted Canary,,CRMO,YFCA,Fringillidae
Lemon-breasted Seedeater,Crithagra citrinipectus,Lemon-breasted Seedeater,"LBSE,LBCA",CRCI,,Fringillidae
赤胸朱頂雀,Linaria cannabina,Eurasian Linnet,"EULI,COLI",LICA,,Fringillidae
普通朱頂雀,Acanthis flammea,Redpoll,"REDP,RESP",ACFL,UNRE,Fringillidae
紅交嘴雀,Loxia curvirostra,Red Crossbill,COCR,LOCU,RECR,Fringillidae
黃雀,Spinus spinus,Eurasian Siskin,,SPSP,EUSI,Fringillidae
鐵爪鵐,Calcarius lapponicus,Lapland Longspur,LABU,CALA,LALO,Calcariidae
冠鵐,Emberiza lathami,Crested Bunting,CRBU,EMLA,,Emberizidae
黑頭鵐,Emberiza melanocephala,Black-headed Bunting,BHBU,EMME,,Emberizidae
褐頭鵐,Emberiza bruniceps,Red-headed Bunting,RHBU,EMBR,,Emberizidae
赤胸鵐,Emberiza fucata,Chestnut-eared Bunting,CEBU,EMFU,,Emberizidae
草鵐,Emberiza cioides,Meadow Bunting,MEBU,EMCI,,Emberizidae
白頂鵐,Emberiza stewarti,White-capped Bunting,WCBU,EMST,,Emberizidae
白頭鵐,Emberiza leucocephalos,Pine Bunting,,EMLE,PIBU,Emberizidae
圃鵐,Emberiza hortulana,Ortolan Bunting,ORBU,EMHO,,Emberizidae
黃喉鵐,Emberiza elegans,Yellow-throated Bunting,,EMEL,YTBU,Emberizidae
紅頸葦鵐,Emberiza yessoensis,Ochre-rumped Bunting,"JRBU,ORBU",EMYE,,Emberizidae
葦鵐,Emberiza pallasi,Pallas's Bunting,"PRBU,PABU",EMPA,PALB,Emberizidae
蘆鵐,Emberiza schoeniclus,Reed Bunting,CRBU,EMSC,REBU,Emberizidae
金鵐,Emberiza aureola,Yellow-breasted Bunting,YBBU,EMAU,YBSB,Emberizidae
小鵐,Emberiza pusilla,Little Bunting,,EMPU,LIBU,Emberizidae
田鵐,Emberiza rustica,Rustic Bunting,,EMRU,RUBU,Emberizidae
野鵐,Emberiza sulphurata,Yellow Bunting,"JYBU,YEBU",EMSU,,Emberizidae
灰頭黑臉鵐,Emberiza spodocephala,Black-faced Bunting,BFBU,EMSP,,Emberizidae
黃喉黑臉鵐,Emberiza personata,Masked Bunting,MABU,EMPE,,Emberizidae
鏽鵐,Emberiza rutila,Chestnut Bunting,CHBU,EMRU,,Emberizidae
黃眉鵐,Emberiza chrysophrys,Yellow-browed Bunting,YBBU,EMCH,YBWB,Emberizidae
白眉鵐,Emberiza tristrami,Tristram's Bunting,TRBU,EMTR,,Emberizidae
灰鵐,Emberiza variabilis,Gray Bunting,,EMVA,GRBU,Emberizidae
稀樹草鵐,Passerculus sandwichensis,Savannah Sparrow,"SASP,SBBS",PASA,SAVS,Passerellidae
White-browed Meadowlark,Leistes superciliaris,White-browed Meadowlark,"WBBL,WBME",LESU,,Icteridae
紅冠唐納雀,Paroaria coronata,Red-crested Cardinal,,PACO,RCCA,Thraupidae
紅頂唐納雀,Paroaria gularis,Red-capped Cardinal,RCCA,PAGU,,Thraupidae
橙額黃雀鵐,Sicalis columbiana,Orange-fronted Yellow-Finch,OFYF,SICO,,Thraupidae
橙黃雀鵐,Sicalis flaveola,Saffron Finch,,SIFL,SAFI,Thraupidae
